Order Name,Measure Result,Insert Counter,Time
S42_CC,-15.7770004272461,373,13:50
S42_CC,-15.7770004272461,403,13:56
S42_CC,-15.7760000228882,436,14:03
